<?xml version="1.0" encoding="UTF-8"?>
<project-private xmlns="http://www.netbeans.org/ns/project-private/1">
    <editor-bookmarks xmlns="http://www.netbeans.org/ns/editor-bookmarks/2" lastBookmarkId="0"/>
    <open-files xmlns="http://www.netbeans.org/ns/projectui-open-files/2">
        <group>
            <file>file:/C:/Users/DELL/Documents/Code/Database/BasdatGUI%2020.11.23--15.26/BasdatGUI/src/basdatgui/MainGUI.java</file>
            <file>file:/C:/Users/DELL/Documents/Code/Database/BasdatGUI%2020.11.23--15.26/BasdatGUI/src/basdatgui/AdminDataKaryawan.java</file>
            <file>file:/C:/Users/DELL/Documents/Code/Database/BasdatGUI%2020.11.23--15.26/BasdatGUI/src/basdatgui/AdminBahanBakuMasuk.java</file>
            <file>file:/C:/Users/DELL/Documents/Code/Database/BasdatGUI%2020.11.23--15.26/BasdatGUI/src/basdatgui/EmployeeDataKaryawan.java</file>
        </group>
    </open-files>
</project-private>
